DROP TABLE IF EXISTS AspNetRoleClaims;
CREATE TABLE "AspNetRoleClaims" ( "Id" INTEGER NOT NULL CONSTRAINT "PK_AspNetRoleClaims" PRIMARY KEY, "ClaimType" TEXT NULL, "ClaimValue" TEXT NULL, "RoleId" TEXT NOT NULL, CONSTRAINT "FK_AspNetRoleClaims_AspNetRoles_RoleId" FOREIGN KEY ("RoleId") REFERENCES "AspNetRoles" ("Id") ON DELETE CASCADE );
DROP TABLE IF EXISTS AspNetRoles;
CREATE TABLE "AspNetRoles" ( "Id" TEXT NOT NULL CONSTRAINT "PK_AspNetRoles" PRIMARY KEY, "ConcurrencyStamp" TEXT NULL, "Name" TEXT NULL, "NormalizedName" TEXT NULL );
DROP TABLE IF EXISTS AspNetUserClaims;
CREATE TABLE "AspNetUserClaims" ( "Id" INTEGER NOT NULL CONSTRAINT "PK_AspNetUserClaims" PRIMARY KEY, "ClaimType" TEXT NULL, "ClaimValue" TEXT NULL, "UserId" TEXT NOT NULL, CONSTRAINT "FK_AspNetUserClaims_AspNetUsers_UserId" FOREIGN KEY ("UserId") REFERENCES "AspNetUsers" ("Id") ON DELETE CASCADE );
DROP TABLE IF EXISTS AspNetUserLogins;
CREATE TABLE "AspNetUserLogins" ( "LoginProvider" TEXT NOT NULL, "ProviderKey" TEXT NOT NULL, "ProviderDisplayName" TEXT NULL, "UserId" TEXT NOT NULL, CONSTRAINT "PK_AspNetUserLogins" PRIMARY KEY ("LoginProvider", "ProviderKey"), CONSTRAINT "FK_AspNetUserLogins_AspNetUsers_UserId" FOREIGN KEY ("UserId") REFERENCES "AspNetUsers" ("Id") ON DELETE CASCADE );
DROP TABLE IF EXISTS AspNetUserRoles;
CREATE TABLE "AspNetUserRoles" ( "UserId" TEXT NOT NULL, "RoleId" TEXT NOT NULL, CONSTRAINT "PK_AspNetUserRoles" PRIMARY KEY ("UserId", "RoleId"), CONSTRAINT "FK_AspNetUserRoles_AspNetRoles_RoleId" FOREIGN KEY ("RoleId") REFERENCES "AspNetRoles" ("Id") ON DELETE CASCADE, CONSTRAINT "FK_AspNetUserRoles_AspNetUsers_UserId" FOREIGN KEY ("UserId") REFERENCES "AspNetUsers" ("Id") ON DELETE CASCADE );
DROP TABLE IF EXISTS AspNetUserTokens;
CREATE TABLE "AspNetUserTokens" ( "UserId" TEXT NOT NULL, "LoginProvider" TEXT NOT NULL, "Name" TEXT NOT NULL, "Value" TEXT NULL, CONSTRAINT "PK_AspNetUserTokens" PRIMARY KEY ("UserId", "LoginProvider", "Name") );
DROP TABLE IF EXISTS AspNetUsers;
CREATE TABLE "AspNetUsers" ( "Id" TEXT NOT NULL CONSTRAINT "PK_AspNetUsers" PRIMARY KEY, "AccessFailedCount" INTEGER NOT NULL, "ConcurrencyStamp" TEXT NULL, "Email" TEXT NULL, "EmailConfirmed" INTEGER NOT NULL, "LockoutEnabled" INTEGER NOT NULL, "LockoutEnd" TEXT NULL, "NormalizedEmail" TEXT NULL, "NormalizedUserName" TEXT NULL, "PasswordHash" TEXT NULL, "PhoneNumber" TEXT NULL, "PhoneNumberConfirmed" INTEGER NOT NULL, "SecurityStamp" TEXT NULL, "TwoFactorEnabled" INTEGER NOT NULL, "UserName" TEXT NULL );

DROP TABLE IF EXISTS Checkin;
CREATE TABLE "Checkin" ( `Username` TEXT NOT NULL, `CheckedinBy` TEXT NOT NULL, `Timestamp` TEXT );
DROP TABLE IF EXISTS Faq;
CREATE TABLE "Faq" ( `Id` INTEGER NOT NULL PRIMARY KEY AUTOINCREMENT, `Question` TEXT NOT NULL, `Answer` TEXT NOT NULL );
DROP TABLE IF EXISTS LeaderBoard;
CREATE TABLE `LeaderBoard` ( `Username` TEXT NOT NULL, `Score` INTEGER, `Rank` INTEGER, `LastUpdated` TEXT, PRIMARY KEY(`Username`) );
DROP TABLE IF EXISTS Resource;
CREATE TABLE "Resource" ( `Id` INTEGER NOT NULL PRIMARY KEY AUTOINCREMENT, `Title` TEXT NOT NULL, `Link` TEXT NOT NULL, `Description` TEXT, `ProviderName` TEXT );
DROP TABLE IF EXISTS Schedule;
CREATE TABLE "Schedule" ( `Id` INTEGER NOT NULL PRIMARY KEY AUTOINCREMENT UNIQUE, `StartTime` TEXT NOT NULL, `EndTime` TEXT NOT NULL, `EventDescription` TEXT, `Room` TEXT NOT NULL, `EventTitle` TEXT NOT NULL, `Presenter` TEXT );
DROP TABLE IF EXISTS Video;
CREATE TABLE `Video` ( `Id` INTEGER NOT NULL PRIMARY KEY AUTOINCREMENT, `Title` TEXT, `Url` TEXT NOT NULL );

INSERT INTO AspNetUsers (Id, AccessFailedCount, ConcurrencyStamp, Email, EmailConfirmed, LockoutEnabled, NormalizedEmail, NormalizedUserName, PasswordHash, PhoneNumberConfirmed, SecurityStamp, TwoFactorEnabled, UserName) VALUES ("6edba6a2-1b07-447c-bf99-c94f6eee38ee",	"0",	"3914855c-0934-4fad-8673-672588a6cb18",	"rohankarhadkar@gmail.com",	"0",	"1", "ROHANKARHADKAR@GMAIL.COM",	"ROHANKARHADKAR@GMAIL.COM",	"AQAAAAEAACcQAAAAECFeCo5xXRLMJ/M8pOzli2SCPdNZTDXWd8pKW0Ao7QyuX2WN5wk08ueWnQBamqIXzQ==",	"0",	"KUGHUTTTBWCLQNSPO53F7CTXWU2TIKO2",	"0",	"rohankarhadkar@gmail.com");
INSERT INTO AspNetUsers (Id, AccessFailedCount, ConcurrencyStamp, Email, EmailConfirmed, LockoutEnabled, NormalizedEmail, NormalizedUserName, PasswordHash, PhoneNumberConfirmed, SecurityStamp, TwoFactorEnabled, UserName) VALUES ("d7d71353-9c18-44ca-b804-508d477012fb",	"0",	"d622e61f-d30a-4ed0-8963-7e10bc17fe34",	"test@cewit.com",	"0",	"1", "TEST@CEWIT.COM",	"TEST@CEWIT.COM",	"AQAAAAEAACcQAAAAEMkaPSbJYhwWt46tUokSqt2WnNjNlqd+8zDK3qlm1KaySwGoauUw34ryvM8qb+K38Q==", "0",	"LJWEIY7BMQUFPL2KG62ZN4UC4JMFCS32",	"0",	"test@cewit.com");
INSERT INTO AspNetUsers (Id, AccessFailedCount, ConcurrencyStamp, Email, EmailConfirmed, LockoutEnabled, NormalizedEmail, NormalizedUserName, PasswordHash, PhoneNumberConfirmed, SecurityStamp, TwoFactorEnabled, UserName) VALUES ("dd45f438-369a-4537-a557-678fbef04348",	"0",	"4cea81b1-5ffa-4030-803c-9396feec60b1",	"user2@cewit.com",	"0",	"1", "USER2@CEWIT.COM",	"USER2@CEWIT.COM",	"AQAAAAEAACcQAAAAEGV4TSXTxQ8Htycun+9ef2ovNgpNxFoK2HkDKs5nxbtBwkGZynoWuxyDtpO3HhCCZQ==", "0",	"4FMUV34OXV7JPGEMKTR23HLHF4QDKDJU",	"0",	"user2@cewit.com");
INSERT INTO AspNetUsers (Id, AccessFailedCount, ConcurrencyStamp, Email, EmailConfirmed, LockoutEnabled, NormalizedEmail, NormalizedUserName, PasswordHash, PhoneNumberConfirmed, SecurityStamp, TwoFactorEnabled, UserName) VALUES ("ff92ad9c-022c-4e51-9982-d00484f11682",	"0",	"bf647cba-c667-461e-94bd-95b5c7119e12",	"test2@cewit.com",	"0",	"1", "TEST2@CEWIT.COM",	"TEST2@CEWIT.COM",	"AQAAAAEAACcQAAAAEMhGV8SjgKhBThDy/w4lnElr8jaCkQK7dFD7IsEHEutkMcEA1Yu52nkrpiiOmxggZA==", "0",	"WX4AWZENN4FNGRQGWKJO4JXZ4B3XSMYY",	"0",	"test2@cewit.com");
INSERT INTO AspNetUsers (Id, AccessFailedCount, ConcurrencyStamp, Email, EmailConfirmed, LockoutEnabled, NormalizedEmail, NormalizedUserName, PasswordHash, PhoneNumberConfirmed, SecurityStamp, TwoFactorEnabled, UserName) VALUES ("303733d0-6b8c-4351-a77d-4e071872f5f7",	"0",	"3f979a37-9e8f-4819-879a-8f834d435747",	"test3@cewit.com",	"0",	"1", "TEST3@CEWIT.COM",	"TEST3@CEWIT.COM",	"AQAAAAEAACcQAAAAEF5mNt8vxVMEndT/Qv37S8W4TBuWai5JGBguUciFOQEtojnHxTYZ5tB14TEUVZgzeg==", "0",	"C5H5EWRFLHABJIRHY3FVZD5OLQKR5PMH",	"0",	"test3@cewit.com");
INSERT INTO AspNetUsers (Id, AccessFailedCount, ConcurrencyStamp, Email, EmailConfirmed, LockoutEnabled, NormalizedEmail, NormalizedUserName, PasswordHash, PhoneNumberConfirmed, SecurityStamp, TwoFactorEnabled, UserName) VALUES ("a7887822-789d-4ca7-9c11-d1ed8ad010a6",	"0",	"f5637ebc-5149-4bd6-b09e-1128caa0be01",	"test4@cewit.com",	"0",	"1", "TEST4@CEWIT.COM",	"TEST4@CEWIT.COM",	"AQAAAAEAACcQAAAAEOC83Ky5OdQrd1hjXESxidiMEvrjZwSTbMfWO+Gg3rWzyuuNtqHTZnyIp5/Luyl4Cg==", "0",	"3HL2RDQCU3VU2WVT5LXHU3HMV3VLSI7R",	"0",	"test4@cewit.com");
INSERT INTO AspNetUsers (Id, AccessFailedCount, ConcurrencyStamp, Email, EmailConfirmed, LockoutEnabled, NormalizedEmail, NormalizedUserName, PasswordHash, PhoneNumberConfirmed, SecurityStamp, TwoFactorEnabled, UserName) VALUES ("a85af83d-038c-43c3-8886-793da99b0da3",	"0",	"38d72c27-130e-4446-9e25-c3b82ceb5d6f",	"test5@cewit.com",	"0",	"1", "TEST5@CEWIT.COM",	"TEST5@CEWIT.COM",	"AQAAAAEAACcQAAAAEFHtbdSma/3KMtcuCrSM9Qr58M3N3zsTORUr8uUIo1OKV1dF9xEFLFxk0rAEzIqlTA==", "0",	"NQJIONFT74GFZI5OOROQKT5HRARDHXBJ",	"0",	"test5@cewit.com");
INSERT INTO AspNetUsers (Id, AccessFailedCount, ConcurrencyStamp, Email, EmailConfirmed, LockoutEnabled, NormalizedEmail, NormalizedUserName, PasswordHash, PhoneNumberConfirmed, SecurityStamp, TwoFactorEnabled, UserName) VALUES ("f4deec45-2a2e-42e7-99a9-09b4b2ba6e8e",	"0",	"2a748fe6-1be7-47aa-8fa2-82282bb00d03",	"test6@cewit.com",	"0",	"1", "TEST6@CEWIT.COM",	"TEST6@CEWIT.COM",	"AQAAAAEAACcQAAAAEAkqS0Xn8a4ha0fhfrngGjBCzdAsHYh8/Pzv/Ur3HFs8TK7t9c0TucQK1Me1CfT6bw==", "0",	"WTXBDS2AW6U4M5Q5V2ETBM265QWWFAOR",	"0",	"test6@cewit.com");
INSERT INTO AspNetUsers (Id, AccessFailedCount, ConcurrencyStamp, Email, EmailConfirmed, LockoutEnabled, NormalizedEmail, NormalizedUserName, PasswordHash, PhoneNumberConfirmed, SecurityStamp, TwoFactorEnabled, UserName) VALUES ("5dee8614-33ee-4393-9545-fdff398d7d62",	"0",	"756b93ea-cf07-47ed-b8dd-32b1a3bfb2db",	"admin@cewit.com",	"0",	"1", "ADMIN@CEWIT.COM",	"ADMIN@CEWIT.COM",	"AQAAAAEAACcQAAAAEK3pYkWiwxqoccllkfpe53avzozmRdlmhps0no84tRrApzdJOxa7yydBLpiZA1hSZA==", "0",	"RAVSHA7A46ZV742UEBVLOOSUIRLRRWQ4",	"0",	"admin@cewit.com");

INSERT INTO AspNetRoles (Id, ConcurrencyStamp, Name, NormalizedName) VALUES ( "1",	"1", "admin",	"ADMIN");
INSERT INTO AspNetRoles (Id, ConcurrencyStamp, Name, NormalizedName) VALUES ( "2",	"2", "participant",	"PARTICIPANT");

INSERT INTO AspNetUserRoles (UserId, RoleId) VALUES ( "6edba6a2-1b07-447c-bf99-c94f6eee38ee",	"1");
INSERT INTO AspNetUserRoles (UserId, RoleId) VALUES ( "d7d71353-9c18-44ca-b804-508d477012fb",	"2");
INSERT INTO AspNetUserRoles (UserId, RoleId) VALUES ( "dd45f438-369a-4537-a557-678fbef04348",	"2");
INSERT INTO AspNetUserRoles (UserId, RoleId) VALUES ( "6edba6a2-1b07-447c-bf99-c94f6eee38ee",	"2");
INSERT INTO AspNetUserRoles (UserId, RoleId) VALUES ( "ff92ad9c-022c-4e51-9982-d00484f11682",	"2");
INSERT INTO AspNetUserRoles (UserId, RoleId) VALUES ( "a7887822-789d-4ca7-9c11-d1ed8ad010a6",	"2");
INSERT INTO AspNetUserRoles (UserId, RoleId) VALUES ( "f4deec45-2a2e-42e7-99a9-09b4b2ba6e8e",	"2");
INSERT INTO AspNetUserRoles (UserId, RoleId) VALUES ( "5dee8614-33ee-4393-9545-fdff398d7d62",	"1");

INSERT INTO Checkin (UserName, CheckedinBy, Timestamp) VALUES ( "test4@cewit.com",	"rohankarhadkar@gmail.com",	"2018-12-24 00:57:17");
INSERT INTO Checkin (UserName, CheckedinBy, Timestamp) VALUES ( "test6@cewit.com",	"rohankarhadkar@gmail.com",	"2018-12-24 00:57:19");
INSERT INTO Checkin (UserName, CheckedinBy, Timestamp) VALUES ( "user2@cewit.com",	"admin@cewit.com",	"2018-12-24 01:01:37");
INSERT INTO Checkin (UserName, CheckedinBy, Timestamp) VALUES ( "test2@cewit.com",	"admin@cewit.com",	"2018-12-24 01:01:40");
INSERT INTO Checkin (UserName, CheckedinBy, Timestamp) VALUES ( "test@cewit.com",	"admin@cewit.com",	"2018-12-24 01:18:35");

INSERT INTO Faq (Id, Question, Answer) VALUES ("1",	"Who can participate?",	"All currently enrolled undergraduate and graduate students or recent December 2017 graduates. Valid student ID required at check-in. Max 4 per team.");
INSERT INTO Faq (Id, Question, Answer) VALUES ("2",	"What should I bring?",	"Yourself, a valid student ID, your laptop, phone, and chargers as well as extra clothes, sleeping bag, and blankets to keep yourself comfortable for the weekend.");
INSERT INTO Faq (Id, Question, Answer) VALUES ("3",	"Are there any costs associated?",	"Zero. No registration, parking, equipment, meals or amenities fees.");
INSERT INTO Faq (Id, Question, Answer) VALUES ("4",	"What are the rules?",	"As a Major League Hacking member event, Hack@CEWIT is adopting MLH's Code of Conduct.");
INSERT INTO Faq (Id, Question, Answer) VALUES ("11",	"What should I not bring?",	"laziness");
INSERT INTO Faq (Id, Question, Answer) VALUES ("16",	"Cursus quo justo modi wisi ac, reiciendis deserunt similique?",	"Litora delectus mollis fusce fuga orci nam, congue metus molestias officiis, doloremque. Nec dolores? Imperdiet, ullamco ducimus qui eros class malesuada, recusandae ultricies ducimus platea maxime vehicula?");

INSERT INTO LeaderBoard (UserName, Score, LastUpdated) VALUES (	"test4@cewit.com",	"21",		"2018-12-24 01:11:14");
INSERT INTO LeaderBoard (UserName, Score, LastUpdated) VALUES (	"test6@cewit.com",	"3",	"2018-12-24 01:11:30");
INSERT INTO LeaderBoard (UserName, Score, LastUpdated) VALUES ( "user2@cewit.com",	"30",		"2018-12-24 01:11:38");
INSERT INTO LeaderBoard (UserName, Score, LastUpdated) VALUES ( "test2@cewit.com",	"60",		"2018-12-24 01:11:49");

INSERT INTO Resource (Id, Title, Link, Description, ProviderName) VALUES ("1",	"Hack@CEWIT Rules",	"files/HackerRules_HackAtCEWIT2018.pdf",	"",	"CEWIT");
INSERT INTO Resource (Id, Title, Link, Description, ProviderName) VALUES ("2",	"Getting Started with OpenStack",	"files/OpenStack_HackAtCEWIT2018.pdf",	"",	"CEWIT");
INSERT INTO Resource (Id, Title, Link, Description, ProviderName) VALUES ("3",	"Government Hubs, Hardware & Libraries",	"files/HubsHardwareLibraries_HackAtCEWIT2018.pdf",	"",	"CEWIT");
INSERT INTO Resource (Id, Title, Link, Description, ProviderName) VALUES ("6",	"some resource",	"https://www.google.com",	"google",	"rr");

INSERT INTO Schedule (Id, StartTime, EndTime, EventDescription, Room, EventTitle, Presenter) VALUES (	"1",	"2019-02-21 13:30:00",	"2019-02-21 15:00:00",	"workshop big data",	"2034C ",	"workshop big data", "");
INSERT INTO Schedule (Id, StartTime, EndTime, EventDescription, Room, EventTitle, Presenter) VALUES (	"2",	"2019-02-21 15:30:00",	"2019-02-21 17:00:00",	"workshop machine learning",	"2009 D",	"workshop machine learning", "");
INSERT INTO Schedule (Id, StartTime, EndTime, EventDescription, Room, EventTitle, Presenter) VALUES (	"3",	"2019-02-21 11:30:00",	"2019-02-21 13:00:00",	"database workshop",	"NCS 2101",	"database workshop", "");
INSERT INTO Schedule (Id, StartTime, EndTime, EventDescription, Room, EventTitle, Presenter) VALUES (	"4",	"2019-02-18 11:30:00",	"2019-02-18 12:30:00",	"Learn the advanced techniques of Java 8, lambda functions, spring boot, hibernate etc.",	"NCS 1101",	"Advanced Java",	"Prof. Jay");
INSERT INTO Schedule (Id, StartTime, EndTime, EventDescription, Room, EventTitle, Presenter) VALUES (	"5",	"2019-02-17 01:30:00",	"2019-02-17 02:30:00",	"Natus illo semper ratione culpa, ullam fugit mattis sociis ullamco, cumque quae, auctor minima accumsan mollis. Venenatis at explicabo dolore natoque, class elit posuere, tincidunt, deserunt molestie adipiscing similique quas, perspiciatis lacinia facilisi explicabo, interdum, rhoncus! Lacinia eum mollit est dolor porro vel officia ornare neque vivamus tenetur mollit hac iaculis facilisis repellat accumsan exercitationem quod minim mollitia, soluta rutrum? Quo proident etiam eveniet? Tincidunt deserunt ipsam eveniet, sint est, integer cupiditate, donec bibendum magni laborum lectus nisl dapibus vestibulum anim nostrum arcu magnam? Interdum. Id laboriosam doloribus pellentesque harum, mollitia gravida, consequat, senectus sociosqu officia neque illum nonummy, mi.",	"2009 D",	"Congue auctor",	"Quo");
INSERT INTO Schedule (Id, StartTime, EndTime, EventDescription, Room, EventTitle, Presenter) VALUES (	"6",	"2019-02-16 13:30:00",	"2019-02-16 14:30:00",	"Elementum facilisi, cupiditate conubia eveniet, proin rerum per unde asperiores, nesciunt culpa? Eos tempora, habitant tempore risus voluptate leo ducimus minus bibendum purus anim, alias, purus! Facilisis rem. Incidunt cubilia, feugiat mollit! Optio? Consectetur sed odio omnis suscipit condimentum, natoque bibendum, molestie consequatur feugiat aliqua! Rerum assumenda! Convallis molestias pellentesque? Facilisis tempor! Ornare, irure voluptatem tincidunt, urna perspiciatis modi porta donec viverra aliqua sunt dolorum exercitationem mauris, ea, voluptatem eaque! Morbi corporis quisquam aliquet dicta nihil. Possimus corporis. Senectus taciti ratione. Est adipiscing minus. Vel unde hic integer, corporis molestie, porta repudiandae? Accusantium vestibulum sagittis laudantium voluptatibus porttitor. Risus aliquid.",	"NCS 1101",	"Elementum",	"Risus");
INSERT INTO Schedule (Id, StartTime, EndTime, EventDescription, Room, EventTitle, Presenter) VALUES (	"7",	"2019-02-16 14:30:00",	"2019-02-16 15:30:00",	"Tristique ornare! Quisque pariatur repudiandae praesentium sapiente nostrud, quisquam euismod corrupti ratione, pharetra donec ipsam, feugiat corrupti, officiis, nemo. Hendrerit ex vivamus ullamcorper aliquam! Adipisicing cumque eligendi, nec gravida incidunt turpis pellentesque irure ratione iste voluptas id vulputate atque qui facilis commodo! Quo mauris dolorum, felis placeat porro, ullamcorper aliquam culpa, curae? Nostrum sollicitudin? Venenatis lectus magnis occaecati! Justo rem! Ducimus. Adipisicing, distinctio, ante diamlorem eveniet, ex facilisis. Elementum proin, maxime laborum? Porta ipsam porttitor ullam doloremque per, urna magnis dignissimos varius dignissimos. Nobis nesciunt mattis ipsum at vehicula sollicitudin, nec eu tempus lacinia blanditiis vitae fames cillum laboris cum.",	"2009 D",	"Tristique",	"Ducimus");
INSERT INTO Schedule (Id, StartTime, EndTime, EventDescription, Room, EventTitle, Presenter) VALUES (	"8",	"2019-02-16 11:30:00",	"2019-02-16 12:30:00",	"Gravida voluptatem cupiditate ullamcorper incidunt porttitor dictumst veritatis! Minus, tempor netus ligula expedita congue, suspendisse cupidatat? Aenean congue? Quam cumque commodi sodales diamlorem quos, provident ligula a metus. Augue pede? Congue sociosqu, massa. Et libero blandit. Accusantium quia, laoreet hic? Urna nonummy auctor, magnis doloribus odit explicabo necessitatibus! Dapibus hendrerit, consectetur optio ornare odio adipiscing sodales. Imperdiet, aspernatur est possimus! Purus id tempus curae libero incididunt eum occaecat, ratione anim? Nisi aute! Diam wisi similique dui litora expedita. Accumsan assumenda. Ultricies felis, hic cupiditate? Habitasse consectetuer porttitor voluptatum, dolore nulla? Suspendisse autem architecto incidunt tellus facilisis. Minus doloremque officia esse.",	"NCS 1101",	"Gravida",	"Minus");
INSERT INTO Schedule (Id, StartTime, EndTime, EventDescription, Room, EventTitle, Presenter) VALUES (	"9",	"2019-02-17 10:30:00",	"2019-02-17 12:30:00",	"Habitasse sequi, quibusdam lobortis, irure augue nulla voluptatem felis assumenda quasi tempor! Nulla, magnam lorem ornare risus nisi! Iaculis purus scelerisque montes a minus, cupiditate aliqua, quaerat cras gravida ipsa occaecat accusamus incididunt deserunt repellat cupidatat exercitation minim harum convallis consequuntur maiores, ullamco magna labore, unde dignissim mollitia, irure inceptos eros culpa. Curae numquam, aspernatur libero ullamcorper veritatis ea, quas. Sollicitudin nonummy augue dui. Habitasse, magna nam earum in, diamlorem. Nullam penatibus curabitur reprehenderit elit laboris autem. Fugiat velit facilis dicta eligendi ipsam eum provident, habitasse alias? Sunt platea venenatis, illum ipsa augue sit, dolor morbi, ducimus assumenda itaque, posuere.",	"2009 D",	"Habitasse",	"Curae");
INSERT INTO Schedule (Id, StartTime, EndTime, EventDescription, Room, EventTitle, Presenter) VALUES (	"10",	"2019-02-17 14:30:00",	"2019-02-17 15:30:00",	"Eleifend iusto adipiscing fermentum metus mollis lobortis, facilisis laborum bibendum ad quis tincidunt anim! Eveniet. Aenean! At! Reiciendis dolores faucibus, nam! Labore, pharetra exercitationem risus incidunt? Veritatis praesent. Quos excepteur consequuntur assumenda voluptatibus commodi ratione mus placerat taciti pharetra eos! Quod luctus, cubilia ut. Neque doloribus, torquent dictum mollitia inventore! Eos porttitor luctus accumsan enim nostra euismod pharetra unde accusantium, aliqua tempora posuere augue aliquet! Omnis, ullamco pharetra consectetuer. Sagittis cubilia at aute leo harum quia, taciti lectus? Harum consequuntur. Blanditiis dignissimos corporis ultricies, nam adipisicing blandit egestas lacus diam malesuada justo neque eiusmod, dignissimos blandit tenetur tempor necessitatibus porro.",	"NCS 1101",	"Eleifend",	"Omnis");
INSERT INTO Schedule (Id, StartTime, EndTime, EventDescription, Room, EventTitle, Presenter) VALUES (	"11",	"2019-02-18 09:30:00",	"2019-02-18 13:30:00",	"Magnis eius viverra dolorem reiciendis minim! Eaque eiusmod blandit doloremque mattis eos, luctus repellat! Interdum maecenas dui platea, vestibulum, congue maxime minus, tenetur purus, rerum perferendis! Cursus dignissimos! Sunt accumsan mollis explicabo possimus ac pulvinar, cum aliquet condimentum! Temporibus. Porro sequi praesent hymenaeos atque molestias ligula placerat sapiente, consequat montes! Impedit eligendi? Morbi elit. Integer laborum nisi habitasse habitasse ultrices? Torquent eligendi sunt nec sit dapibus blanditiis morbi? Excepteur. Saepe ornare per eos sapiente id fringilla? Adipisci? Enim. Quidem imperdiet, similique rerum voluptate. Integer? Cum tellus unde, varius explicabo integer, fames turpis! Cum sed primis, justo! Eleifend sociosqu. Donec, scelerisque.",	"2034C ",	"Magnis",	"Temporibus");
INSERT INTO Schedule (Id, StartTime, EndTime, EventDescription, Room, EventTitle, Presenter) VALUES (	"12",	"2019-02-18 12:30:00",	"2019-02-18 15:30:00",	"Quidem fusce eu aute cumque curabitur curabitur nostrum temporibus faucibus suscipit corporis laoreet wisi? Dignissimos fames placerat lacus diam qui proident ultricies, nesciunt tempore dictumst sit adipisci. Voluptas! Minim cumque, quod eligendi iure, officia tempore vehicula ac! Unde diamlorem! Id maiores dolorum! Ornare viverra! Architecto, excepturi officia habitant. Necessitatibus molestie placerat elit do itaque primis suspendisse fringilla consectetur taciti nec, luctus primis nullam voluptatem, enim. Odio? Tempus ligula debitis proin, etiam, odit? Minim nam justo, mus commodo autem lacinia pharetra, possimus. Orci corporis platea. Inceptos officiis quisque? Debitis! Explicabo aliquid? Cras quibusdam, totam. Etiam nibh delectus, sint? Dis, dolore senectus.",	"NCS 1101",	"Quidem",	"Cras");
INSERT INTO Schedule (Id, StartTime, EndTime, EventDescription, Room, EventTitle, Presenter) VALUES (	"13",	"2019-02-18 15:30:00",	"2019-02-18 16:30:00",	"Porta tempore mus, odit, auctor mattis perferendis, quibusdam distinctio tempor! Malesuada fugit quisquam aliquet nihil libero? Nulla, sollicitudin. Soluta nobis fugit temporibus soluta nunc, mauris venenatis, tempora velit platea. Nibh, corrupti minima! Platea molestias lacinia aut alias impedit cras, cubilia, exercitation veritatis, saepe cupidatat egestas tempora quod ipsam hymenaeos eleifend cubilia ducimus elementum soluta eius excepteur, sem tortor eum natoque. Amet hymenaeos maiores, id, dignissim iste! Et aute bibendum exercitation nascetur? Facilisis facilisi pretium officia! Reprehenderit! Maxime eius? Non, ipsum primis aenean nullam elit. Ad aperiam ipsa. Illo, diamlorem adipiscing quae ultricies, pede, velit rerum at. Litora rutrum, nam leo.",	"NCS 1101",	"Porta22",	"Litora");
INSERT INTO Schedule (Id, StartTime, EndTime, EventDescription, Room, EventTitle, Presenter) VALUES (	"14",	"2019-02-18 16:30:00",	"2019-02-18 17:00:00",	"Consequatur ornare ullamco nascetur delectus facilisi, ante consequat ullam, nonummy bibendum aperiam tristique libero? Ullam, corrupti aenean sociis laoreet occaecati? Dictumst, eu at. Aliquid justo, labore voluptas cumque, nobis laoreet donec enim eum diamlorem vehicula vivamus! Tempor sociosqu euismod tellus aut occaecat veniam mollitia primis! Primis velit saepe nostrum etiam tortor odit sapien tincidunt, natus nibh cillum fames vestibulum quae! Nostra mus condimentum enim quisque dignissim! Iste habitasse blandit! Tempora! Cubilia porttitor nostrud quae dui. Augue suscipit tristique blanditiis interdum delectus ea torquent aliqua! Omnis? Cubilia nonummy eu sunt. Architecto ab dapibus donec blandit maxime ultricies nisi accumsan error sem.",	"2009 D",	"Consequatur",	"Nostra");

INSERT INTO Video (Id, Title, URL) VALUES ( "1",	"CEWIT",	"https://www.youtube.com/embed/i9TRte-Nrz0");
INSERT INTO Video (Id, Title, URL) VALUES ( "2",	"JerryRigEverything",	"https://www.youtube.com/embed/hUBsxCcJeUc");
INSERT INTO Video (Id, Title, URL) VALUES ( "3",	"Doug DeMuro",	"https://www.youtube.com/embed/KSHyG7ltAiA");
INSERT INTO Video (Id, Title, URL) VALUES ( "4",	"Conan",	"https://www.youtube.com/embed/VNM7Z7hir_I");
INSERT INTO Video (Id, Title, URL) VALUES ( "5",	"Jimmy Fallon",	"https://www.youtube.com/embed/Pl8AJAt3TDg");
